"","Date","Prix","Variation 24h"
"1",2016-01-01,"1 BTC = 391.97000000€","-0.81%"
"2",2016-01-02,"1 BTC = 396.94000000€","1.25%"
"3",2016-01-03,"1 BTC = 400.52000000€","0.89%"
"4",2016-01-04,"1 BTC = 399.81000000€","-0.18%"
"5",2016-01-05,"1 BTC = 396.66000000€","-0.79%"
"6",2016-01-06,"1 BTC = 400.14000000€","0.87%"
"7",2016-01-07,"1 BTC = 401.80000000€","0.41%"
"8",2016-01-08,"1 BTC = 401.23000000€","-0.14%"
"9",2016-01-09,"1 BTC = 419.31000000€","4.31%"
"10",2016-01-10,"1 BTC = 415.82000000€","-0.84%"
"11",2016-01-11,"1 BTC = 412.17000000€","-0.89%"
"12",2016-01-12,"1 BTC = 410.07000000€","-0.51%"
"13",2016-01-13,"1 BTC = 415.18000000€","1.23%"
"14",2016-01-14,"1 BTC = 412.73000000€","-0.59%"
"15",2016-01-15,"1 BTC = 399.57000000€","-3.29%"
"16",2016-01-16,"1 BTC = 397.04000000€","-0.64%"
"17",2016-01-17,"1 BTC = 343.91000000€","-15.45%"
"18",2016-01-18,"1 BTC = 356.13000000€","3.43%"
"19",2016-01-19,"1 BTC = 352.53000000€","-1.02%"
"20",2016-01-20,"1 BTC = 355.22000000€","0.76%"
"21",2016-01-21,"1 BTC = 349.22000000€","-1.72%"
"22",2016-01-22,"1 BTC = 380.93000000€","8.32%"
"23",2016-01-23,"1 BTC = 378.66000000€","-0.6%"
"24",2016-01-24,"1 BTC = 358.23000000€","-5.7%"
"25",2016-01-25,"1 BTC = 359.76000000€","0.43%"
"26",2016-01-26,"1 BTC = 373.67000000€","3.72%"
"27",2016-01-27,"1 BTC = 363.26000000€","-2.87%"
"28",2016-01-28,"1 BTC = 361.88000000€","-0.38%"
"29",2016-01-29,"1 BTC = 363.67000000€","0.49%"
"30",2016-01-30,"1 BTC = 348.90000000€","-4.23%"
"31",2016-01-31,"1 BTC = 351.06000000€","0.62%"
"32",2016-02-01,"1 BTC = 349.27000000€","-0.51%"
"33",2016-02-02,"1 BTC = 343.26000000€","-1.75%"
"34",2016-02-03,"1 BTC = 342.57000000€","-0.2%"
"35",2016-02-04,"1 BTC = 342.95000000€","0.11%"
"36",2016-02-05,"1 BTC = 333.17000000€","-2.94%"
"37",2016-02-06,"1 BTC = 348.87000000€","4.5%"
"38",2016-02-07,"1 BTC = 344.77000000€","-1.19%"
"39",2016-02-08,"1 BTC = 336.65000000€","-2.41%"
"40",2016-02-09,"1 BTC = 335.48000000€","-0.35%"
"41",2016-02-10,"1 BTC = 331.90000000€","-1.08%"
"42",2016-02-11,"1 BTC = 333.18000000€","0.38%"
"43",2016-02-12,"1 BTC = 336.79000000€","1.07%"
"44",2016-02-13,"1 BTC = 334.10000000€","-0.81%"
"45",2016-02-14,"1 BTC = 339.84000000€","1.69%"
"46",2016-02-15,"1 BTC = 344.50000000€","1.35%"
"47",2016-02-16,"1 BTC = 357.96000000€","3.76%"
"48",2016-02-17,"1 BTC = 357.07000000€","-0.25%"
"49",2016-02-18,"1 BTC = 364.23000000€","1.97%"
"50",2016-02-19,"1 BTC = 373.62000000€","2.51%"
"51",2016-02-20,"1 BTC = 379.01000000€","1.42%"
"52",2016-02-21,"1 BTC = 376.20000000€","-0.75%"
"53",2016-02-22,"1 BTC = 394.96000000€","4.75%"
"54",2016-02-23,"1 BTC = 391.08000000€","-0.99%"
"55",2016-02-24,"1 BTC = 393.63000000€","0.65%"
"56",2016-02-25,"1 BTC = 380.85000000€","-3.36%"
"57",2016-02-26,"1 BTC = 383.31000000€","0.64%"
"58",2016-02-27,"1 BTC = 383.82000000€","0.13%"
"59",2016-02-28,"1 BTC = 391.06000000€","1.85%"
"60",2016-02-29,"1 BTC = 393.98000000€","0.74%"
"61",2016-03-01,"1 BTC = 393.28000000€","-0.18%"
"62",2016-03-02,"1 BTC = 398.29000000€","1.26%"
"63",2016-03-03,"1 BTC = 397.45000000€","-0.21%"
"64",2016-03-04,"1 BTC = 390.29000000€","-1.83%"
"65",2016-03-05,"1 BTC = 384.18000000€","-1.59%"
"66",2016-03-06,"1 BTC = 371.52000000€","-3.41%"
"67",2016-03-07,"1 BTC = 360.16000000€","-3.15%"
"68",2016-03-08,"1 BTC = 366.46000000€","1.72%"
"69",2016-03-09,"1 BTC = 375.24000000€","2.34%"
"70",2016-03-10,"1 BTC = 373.90000000€","-0.36%"
"71",2016-03-11,"1 BTC = 375.02000000€","0.3%"
"72",2016-03-12,"1 BTC = 373.03000000€","-0.53%"
"73",2016-03-13,"1 BTC = 375.71000000€","0.71%"
"74",2016-03-14,"1 BTC = 367.35000000€","-2.28%"
"75",2016-03-15,"1 BTC = 367.83000000€","0.13%"
"76",2016-03-16,"1 BTC = 373.95000000€","1.64%"
"77",2016-03-17,"1 BTC = 374.07000000€","0.03%"
"78",2016-03-18,"1 BTC = 372.32000000€","-0.47%"
"79",2016-03-19,"1 BTC = 371.53000000€","-0.21%"
"80",2016-03-20,"1 BTC = 364.43000000€","-1.95%"
"81",2016-03-21,"1 BTC = 364.47000000€","0.01%"
"82",2016-03-22,"1 BTC = 367.09000000€","0.71%"
"83",2016-03-23,"1 BTC = 366.87000000€","-0.06%"
"84",2016-03-24,"1 BTC = 371.49000000€","1.24%"
"85",2016-03-25,"1 BTC = 372.59000000€","0.3%"
"86",2016-03-26,"1 BTC = 372.43000000€","-0.04%"
"87",2016-03-27,"1 BTC = 373.37000000€","0.25%"
"88",2016-03-28,"1 BTC = 374.12000000€","0.2%"
"89",2016-03-29,"1 BTC = 381.55000000€","1.95%"
"90",2016-03-30,"1 BTC = 378.30000000€","-0.86%"
"91",2016-03-31,"1 BTC = 369.52000000€","-2.38%"
"92",2016-04-01,"1 BTC = 364.78000000€","-1.3%"
"93",2016-04-02,"1 BTC = 367.41000000€","0.72%"
"94",2016-04-03,"1 BTC = 367.35000000€","-0.02%"
"95",2016-04-04,"1 BTC = 369.95000000€","0.7%"
"96",2016-04-05,"1 BTC = 369.75000000€","-0.05%"
"97",2016-04-06,"1 BTC = 369.65000000€","-0.03%"
"98",2016-04-07,"1 BTC = 372.66000000€","0.81%"
"99",2016-04-08,"1 BTC = 371.18000000€","-0.4%"
"100",2016-04-09,"1 BTC = 370.93000000€","-0.07%"
"101",2016-04-10,"1 BTC = 369.12000000€","-0.49%"
"102",2016-04-11,"1 BTC = 368.39000000€","-0.2%"
"103",2016-04-12,"1 BTC = 369.67000000€","0.35%"
"104",2016-04-13,"1 BTC = 370.90000000€","0.33%"
"105",2016-04-14,"1 BTC = 374.28000000€","0.9%"
"106",2016-04-15,"1 BTC = 375.47000000€","0.32%"
"107",2016-04-16,"1 BTC = 377.09000000€","0.43%"
"108",2016-04-17,"1 BTC = 380.94000000€","1.01%"
"109",2016-04-18,"1 BTC = 382.21000000€","0.33%"
"110",2016-04-19,"1 BTC = 378.39000000€","-1.01%"
"111",2016-04-20,"1 BTC = 379.01000000€","0.16%"
"112",2016-04-21,"1 BTC = 383.98000000€","1.29%"
"113",2016-04-22,"1 BTC = 390.89000000€","1.77%"
"114",2016-04-23,"1 BTC = 398.36000000€","1.88%"
"115",2016-04-24,"1 BTC = 397.70000000€","-0.17%"
"116",2016-04-25,"1 BTC = 400.93000000€","0.81%"
"117",2016-04-26,"1 BTC = 408.15000000€","1.77%"
"118",2016-04-27,"1 BTC = 412.29000000€","1%"
"119",2016-04-28,"1 BTC = 414.23000000€","0.47%"
"120",2016-04-29,"1 BTC = 396.50000000€","-4.47%"
"121",2016-04-30,"1 BTC = 397.71000000€","0.3%"
"122",2016-05-01,"1 BTC = 399.16000000€","0.36%"
"123",2016-05-02,"1 BTC = 391.17000000€","-2.04%"
"124",2016-05-03,"1 BTC = 395.39000000€","1.07%"
"125",2016-05-04,"1 BTC = 387.01000000€","-2.17%"
"126",2016-05-05,"1 BTC = 393.34000000€","1.61%"
"127",2016-05-06,"1 BTC = 389.94000000€","-0.87%"
"128",2016-05-07,"1 BTC = 394.08000000€","1.05%"
"129",2016-05-08,"1 BTC = 404.14000000€","2.49%"
"130",2016-05-09,"1 BTC = 403.05000000€","-0.27%"
"131",2016-05-10,"1 BTC = 402.66000000€","-0.1%"
"132",2016-05-11,"1 BTC = 406.71000000€","1%"
"133",2016-05-12,"1 BTC = 397.21000000€","-2.39%"
"134",2016-05-13,"1 BTC = 397.24000000€","0.01%"
"135",2016-05-14,"1 BTC = 400.65000000€","0.85%"
"136",2016-05-15,"1 BTC = 403.42000000€","0.69%"
"137",2016-05-16,"1 BTC = 403.34000000€","-0.02%"
"138",2016-05-17,"1 BTC = 404.94000000€","0.4%"
"139",2016-05-18,"1 BTC = 401.91000000€","-0.75%"
"140",2016-05-19,"1 BTC = 402.41000000€","0.12%"
"141",2016-05-20,"1 BTC = 403.60000000€","0.29%"
"142",2016-05-21,"1 BTC = 393.49000000€","-2.57%"
"143",2016-05-22,"1 BTC = 395.47000000€","0.5%"
"144",2016-05-23,"1 BTC = 395.61000000€","0.04%"
"145",2016-05-24,"1 BTC = 391.66000000€","-1.01%"
"146",2016-05-25,"1 BTC = 394.80000000€","0.8%"
"147",2016-05-26,"1 BTC = 399.38000000€","1.15%"
"148",2016-05-27,"1 BTC = 402.43000000€","0.76%"
"149",2016-05-28,"1 BTC = 404.15000000€","0.43%"
"150",2016-05-29,"1 BTC = 423.33000000€","4.53%"
"151",2016-05-30,"1 BTC = 471.08000000€","10.14%"
"152",2016-05-31,"1 BTC = 465.49000000€","-1.2%"
"153",2016-06-01,"1 BTC = 476.46000000€","2.3%"
"154",2016-06-02,"1 BTC = 477.49000000€","0.22%"
"155",2016-06-03,"1 BTC = 480.81000000€","0.69%"
"156",2016-06-04,"1 BTC = 482.39000000€","0.33%"
"157",2016-06-05,"1 BTC = 500.79000000€","3.67%"
"158",2016-06-06,"1 BTC = 504.86000000€","0.81%"
"159",2016-06-07,"1 BTC = 506.19000000€","0.26%"
"160",2016-06-08,"1 BTC = 514.35000000€","1.59%"
"161",2016-06-09,"1 BTC = 508.62000000€","-1.13%"
"162",2016-06-10,"1 BTC = 510.30000000€","0.33%"
"163",2016-06-11,"1 BTC = 509.93000000€","-0.07%"
"164",2016-06-12,"1 BTC = 515.56000000€","1.09%"
"165",2016-06-13,"1 BTC = 529.18000000€","2.57%"
"166",2016-06-14,"1 BTC = 592.24000000€","10.65%"
"167",2016-06-15,"1 BTC = 623.02000000€","4.94%"
"168",2016-06-16,"1 BTC = 613.28000000€","-1.59%"
"169",2016-06-17,"1 BTC = 617.05000000€","0.61%"
"170",2016-06-18,"1 BTC = 683.49000000€","9.72%"
"171",2016-06-19,"1 BTC = 664.31000000€","-2.89%"
"172",2016-06-20,"1 BTC = 672.90000000€","1.28%"
"173",2016-06-21,"1 BTC = 676.87000000€","0.59%"
"174",2016-06-22,"1 BTC = 648.84000000€","-4.32%"
"175",2016-06-23,"1 BTC = 597.47000000€","-8.6%"
"176",2016-06-24,"1 BTC = 527.59000000€","-13.25%"
"177",2016-06-25,"1 BTC = 550.64000000€","4.19%"
"178",2016-06-26,"1 BTC = 605.31000000€","9.03%"
"179",2016-06-27,"1 BTC = 608.11000000€","0.46%"
"180",2016-06-28,"1 BTC = 574.82000000€","-5.79%"
"181",2016-06-29,"1 BTC = 592.13000000€","2.92%"
"182",2016-06-30,"1 BTC = 587.50000000€","-0.79%"
"183",2016-07-01,"1 BTC = 575.33000000€","-2.12%"
"184",2016-07-02,"1 BTC = 607.76000000€","5.34%"
"185",2016-07-03,"1 BTC = 609.29000000€","0.25%"
"186",2016-07-04,"1 BTC = 630.64000000€","3.39%"
"187",2016-07-05,"1 BTC = 599.40000000€","-5.21%"
"188",2016-07-06,"1 BTC = 611.72000000€","2.01%"
"189",2016-07-07,"1 BTC = 608.31000000€","-0.56%"
"190",2016-07-08,"1 BTC = 613.05000000€","0.77%"
"191",2016-07-09,"1 BTC = 581.37000000€","-5.45%"
"192",2016-07-10,"1 BTC = 606.77000000€","4.19%"
"193",2016-07-11,"1 BTC = 595.04000000€","-1.97%"
"194",2016-07-12,"1 BTC = 589.18000000€","-0.99%"
"195",2016-07-13,"1 BTC = 589.05000000€","-0.02%"
"196",2016-07-14,"1 BTC = 610.55000000€","3.52%"
"197",2016-07-15,"1 BTC = 598.04000000€","-2.09%"
"198",2016-07-16,"1 BTC = 597.15000000€","-0.15%"
"199",2016-07-17,"1 BTC = 604.76000000€","1.26%"
"200",2016-07-18,"1 BTC = 603.56000000€","-0.2%"
"201",2016-07-19,"1 BTC = 614.50000000€","1.78%"
"202",2016-07-20,"1 BTC = 610.71000000€","-0.62%"
"203",2016-07-21,"1 BTC = 611.56000000€","0.14%"
"204",2016-07-22,"1 BTC = 606.22000000€","-0.88%"
"205",2016-07-23,"1 BTC = 604.08000000€","-0.35%"
"206",2016-07-24,"1 BTC = 594.42000000€","-1.63%"
"207",2016-07-25,"1 BTC = 600.93000000€","1.08%"
"208",2016-07-26,"1 BTC = 603.10000000€","0.36%"
"209",2016-07-27,"1 BTC = 594.34000000€","-1.47%"
"210",2016-07-28,"1 BTC = 594.11000000€","-0.04%"
"211",2016-07-29,"1 BTC = 593.15000000€","-0.16%"
"212",2016-07-30,"1 BTC = 591.92000000€","-0.21%"
"213",2016-07-31,"1 BTC = 588.61000000€","-0.56%"
"214",2016-08-01,"1 BTC = 585.32000000€","-0.56%"
"215",2016-08-02,"1 BTC = 555.89000000€","-5.29%"
"216",2016-08-03,"1 BTC = 535.12000000€","-3.88%"
"217",2016-08-04,"1 BTC = 457.19000000€","-17.05%"
"218",2016-08-05,"1 BTC = 509.90000000€","10.34%"
"219",2016-08-06,"1 BTC = 524.54000000€","2.79%"
"220",2016-08-07,"1 BTC = 522.72000000€","-0.35%"
"221",2016-08-08,"1 BTC = 534.73000000€","2.25%"
"222",2016-08-09,"1 BTC = 539.90000000€","0.96%"
"223",2016-08-10,"1 BTC = 537.13000000€","-0.52%"
"224",2016-08-11,"1 BTC = 531.42000000€","-1.07%"
"225",2016-08-12,"1 BTC = 530.47000000€","-0.18%"
"226",2016-08-13,"1 BTC = 529.85000000€","-0.12%"
"227",2016-08-14,"1 BTC = 527.15000000€","-0.51%"
"228",2016-08-15,"1 BTC = 525.39000000€","-0.33%"
"229",2016-08-16,"1 BTC = 510.88000000€","-2.84%"
"230",2016-08-17,"1 BTC = 509.21000000€","-0.33%"
"231",2016-08-18,"1 BTC = 515.92000000€","1.3%"
"232",2016-08-19,"1 BTC = 508.65000000€","-1.43%"
"233",2016-08-20,"1 BTC = 507.43000000€","-0.24%"
"234",2016-08-21,"1 BTC = 509.32000000€","0.37%"
"235",2016-08-22,"1 BTC = 515.09000000€","1.12%"
"236",2016-08-23,"1 BTC = 513.72000000€","-0.27%"
"237",2016-08-24,"1 BTC = 519.16000000€","1.05%"
"238",2016-08-25,"1 BTC = 516.06000000€","-0.6%"
"239",2016-08-26,"1 BTC = 515.00000000€","-0.21%"
"240",2016-08-27,"1 BTC = 511.39000000€","-0.71%"
"241",2016-08-28,"1 BTC = 516.42000000€","0.97%"
"242",2016-08-29,"1 BTC = 508.91000000€","-1.48%"
"243",2016-08-30,"1 BTC = 511.98000000€","0.6%"
"244",2016-08-31,"1 BTC = 512.32000000€","0.07%"
"245",2016-09-01,"1 BTC = 516.43000000€","0.8%"
"246",2016-09-02,"1 BTC = 513.07000000€","-0.65%"
"247",2016-09-03,"1 BTC = 510.22000000€","-0.56%"
"248",2016-09-04,"1 BTC = 513.85000000€","0.71%"
"249",2016-09-05,"1 BTC = 531.48000000€","3.32%"
"250",2016-09-06,"1 BTC = 542.00000000€","1.94%"
"251",2016-09-07,"1 BTC = 542.18000000€","0.03%"
"252",2016-09-08,"1 BTC = 542.75000000€","0.11%"
"253",2016-09-09,"1 BTC = 547.18000000€","0.81%"
"254",2016-09-10,"1 BTC = 556.03000000€","1.59%"
"255",2016-09-11,"1 BTC = 554.62000000€","-0.25%"
"256",2016-09-12,"1 BTC = 556.53000000€","0.34%"
"257",2016-09-13,"1 BTC = 539.56000000€","-3.15%"
"258",2016-09-14,"1 BTC = 541.30000000€","0.32%"
"259",2016-09-15,"1 BTC = 544.45000000€","0.58%"
"260",2016-09-16,"1 BTC = 544.00000000€","-0.08%"
"261",2016-09-17,"1 BTC = 541.64000000€","-0.44%"
"262",2016-09-18,"1 BTC = 544.21000000€","0.47%"
"263",2016-09-19,"1 BTC = 542.79000000€","-0.26%"
"264",2016-09-20,"1 BTC = 545.16000000€","0.43%"
"265",2016-09-21,"1 BTC = 543.91000000€","-0.23%"
"266",2016-09-22,"1 BTC = 544.62000000€","0.13%"
"267",2016-09-23,"1 BTC = 533.97000000€","-1.99%"
"268",2016-09-24,"1 BTC = 531.30000000€","-0.5%"
"269",2016-09-25,"1 BTC = 537.90000000€","1.23%"
"270",2016-09-26,"1 BTC = 539.34000000€","0.27%"
"271",2016-09-27,"1 BTC = 536.01000000€","-0.62%"
"272",2016-09-28,"1 BTC = 541.30000000€","0.98%"
"273",2016-09-29,"1 BTC = 542.14000000€","0.15%"
"274",2016-09-30,"1 BTC = 541.75000000€","-0.07%"
"275",2016-10-01,"1 BTC = 540.34000000€","-0.26%"
"276",2016-10-02,"1 BTC = 545.30000000€","0.91%"
"277",2016-10-03,"1 BTC = 549.89000000€","0.83%"
"278",2016-10-04,"1 BTC = 545.72000000€","-0.76%"
"279",2016-10-05,"1 BTC = 546.90000000€","0.22%"
"280",2016-10-06,"1 BTC = 546.71000000€","-0.03%"
"281",2016-10-07,"1 BTC = 549.96000000€","0.59%"
"282",2016-10-08,"1 BTC = 550.68000000€","0.13%"
"283",2016-10-09,"1 BTC = 556.12000000€","0.98%"
"284",2016-10-10,"1 BTC = 555.59000000€","-0.1%"
"285",2016-10-11,"1 BTC = 552.88000000€","-0.49%"
"286",2016-10-12,"1 BTC = 556.09000000€","0.58%"
"287",2016-10-13,"1 BTC = 582.24000000€","4.49%"
"288",2016-10-14,"1 BTC = 579.33000000€","-0.5%"
"289",2016-10-15,"1 BTC = 574.85000000€","-0.78%"
"290",2016-10-16,"1 BTC = 583.05000000€","1.41%"
"291",2016-10-17,"1 BTC = 582.64000000€","-0.07%"
"292",2016-10-18,"1 BTC = 585.22000000€","0.44%"
"293",2016-10-19,"1 BTC = 581.18000000€","-0.7%"
"294",2016-10-20,"1 BTC = 582.04000000€","0.15%"
"295",2016-10-21,"1 BTC = 576.29000000€","-1%"
"296",2016-10-22,"1 BTC = 579.09000000€","0.48%"
"297",2016-10-23,"1 BTC = 582.17000000€","0.53%"
"298",2016-10-24,"1 BTC = 601.69000000€","3.24%"
"299",2016-10-25,"1 BTC = 599.90000000€","-0.3%"
"300",2016-10-26,"1 BTC = 600.17000000€","0.04%"
"301",2016-10-27,"1 BTC = 601.59000000€","0.24%"
"302",2016-10-28,"1 BTC = 620.56000000€","3.06%"
"303",2016-10-29,"1 BTC = 628.72000000€","1.3%"
"304",2016-10-30,"1 BTC = 628.12000000€","-0.1%"
"305",2016-10-31,"1 BTC = 645.13000000€","2.64%"
"306",2016-11-01,"1 BTC = 628.48000000€","-2.65%"
"307",2016-11-02,"1 BTC = 634.14000000€","0.89%"
"308",2016-11-03,"1 BTC = 658.54000000€","3.71%"
"309",2016-11-04,"1 BTC = 662.53000000€","0.6%"
"310",2016-11-05,"1 BTC = 618.44000000€","-7.13%"
"311",2016-11-06,"1 BTC = 632.02000000€","2.15%"
"312",2016-11-07,"1 BTC = 631.84000000€","-0.03%"
"313",2016-11-08,"1 BTC = 639.95000000€","1.27%"
"314",2016-11-09,"1 BTC = 637.74000000€","-0.35%"
"315",2016-11-10,"1 BTC = 646.54000000€","1.36%"
"316",2016-11-11,"1 BTC = 661.01000000€","2.19%"
"317",2016-11-12,"1 BTC = 657.80000000€","-0.49%"
"318",2016-11-13,"1 BTC = 660.61000000€","0.43%"
"319",2016-11-14,"1 BTC = 647.53000000€","-2.02%"
"320",2016-11-15,"1 BTC = 647.24000000€","-0.04%"
"321",2016-11-16,"1 BTC = 657.94000000€","1.63%"
"322",2016-11-17,"1 BTC = 663.66000000€","0.86%"
"323",2016-11-18,"1 BTC = 694.09000000€","4.38%"
"324",2016-11-19,"1 BTC = 694.20000000€","0.02%"
"325",2016-11-20,"1 BTC = 704.57000000€","1.47%"
"326",2016-11-21,"1 BTC = 708.45000000€","0.55%"
"327",2016-11-22,"1 BTC = 688.20000000€","-2.94%"
"328",2016-11-23,"1 BTC = 694.84000000€","0.96%"
"329",2016-11-24,"1 BTC = 707.35000000€","1.77%"
"330",2016-11-25,"1 BTC = 705.33000000€","-0.29%"
"331",2016-11-26,"1 BTC = 700.76000000€","-0.65%"
"332",2016-11-27,"1 BTC = 701.90000000€","0.16%"
"333",2016-11-28,"1 BTC = 696.55000000€","-0.77%"
"334",2016-11-29,"1 BTC = 693.33000000€","-0.46%"
"335",2016-11-30,"1 BTC = 695.09000000€","0.25%"
"336",2016-12-01,"1 BTC = 691.61000000€","-0.5%"
"337",2016-12-02,"1 BTC = 703.65000000€","1.71%"
"338",2016-12-03,"1 BTC = 709.97000000€","0.89%"
"339",2016-12-04,"1 BTC = 730.59000000€","2.82%"
"340",2016-12-05,"1 BTC = 727.75000000€","-0.39%"
"341",2016-12-06,"1 BTC = 732.25000000€","0.61%"
"342",2016-12-07,"1 BTC = 714.70000000€","-2.46%"
"343",2016-12-08,"1 BTC = 717.94000000€","0.45%"
"344",2016-12-09,"1 BTC = 722.18000000€","0.59%"
"345",2016-12-10,"1 BTC = 730.17000000€","1.09%"
"346",2016-12-11,"1 BTC = 734.11000000€","0.54%"
"347",2016-12-12,"1 BTC = 736.74000000€","0.36%"
"348",2016-12-13,"1 BTC = 740.66000000€","0.53%"
"349",2016-12-14,"1 BTC = 739.27000000€","-0.19%"
"350",2016-12-15,"1 BTC = 740.04000000€","0.1%"
"351",2016-12-16,"1 BTC = 739.26000000€","-0.11%"
"352",2016-12-17,"1 BTC = 747.91000000€","1.16%"
"353",2016-12-18,"1 BTC = 752.86000000€","0.66%"
"354",2016-12-19,"1 BTC = 760.05000000€","0.95%"
"355",2016-12-20,"1 BTC = 759.18000000€","-0.11%"
"356",2016-12-21,"1 BTC = 764.64000000€","0.71%"
"357",2016-12-22,"1 BTC = 776.29000000€","1.5%"
"358",2016-12-23,"1 BTC = 796.26000000€","2.51%"
"359",2016-12-24,"1 BTC = 825.53000000€","3.55%"
"360",2016-12-25,"1 BTC = 881.88000000€","6.39%"
"361",2016-12-26,"1 BTC = 855.02000000€","-3.14%"
"362",2016-12-27,"1 BTC = 858.60000000€","0.42%"
"363",2016-12-28,"1 BTC = 863.07000000€","0.52%"
"364",2016-12-29,"1 BTC = 888.46000000€","2.86%"
"365",2016-12-30,"1 BTC = 936.44000000€","5.12%"
"366",2016-12-31,"1 BTC = 930.84000000€","-0.6%"
"367",2017-01-01,"1 BTC = 913.45000000€","-1.9%"
"368",2017-01-02,"1 BTC = 913.70000000€","0.03%"
"369",2017-01-03,"1 BTC = 946.47000000€","3.46%"
"370",2017-01-04,"1 BTC = 973.48000000€","2.77%"
"371",2017-01-05,"1 BTC = 990.37000000€","1.71%"
"372",2017-01-06,"1 BTC = 1073.81000000€","7.77%"
"373",2017-01-07,"1 BTC = 941.38000000€","-14.07%"
"374",2017-01-08,"1 BTC = 846.85000000€","-11.16%"
"375",2017-01-09,"1 BTC = 854.12000000€","0.85%"
"376",2017-01-10,"1 BTC = 866.14000000€","1.39%"
"377",2017-01-11,"1 BTC = 859.78000000€","-0.74%"
"378",2017-01-12,"1 BTC = 866.43000000€","0.77%"
"379",2017-01-13,"1 BTC = 750.87000000€","-15.39%"
"380",2017-01-14,"1 BTC = 771.50000000€","2.67%"
"381",2017-01-15,"1 BTC = 781.57000000€","1.29%"
"382",2017-01-16,"1 BTC = 770.39000000€","-1.45%"
"383",2017-01-17,"1 BTC = 777.51000000€","0.92%"
"384",2017-01-18,"1 BTC = 789.56000000€","1.53%"
"385",2017-01-19,"1 BTC = 855.16000000€","7.67%"
"386",2017-01-20,"1 BTC = 827.91000000€","-3.29%"
"387",2017-01-21,"1 BTC = 843.65000000€","1.87%"
"388",2017-01-22,"1 BTC = 841.11000000€","-0.3%"
"389",2017-01-23,"1 BTC = 864.59000000€","2.72%"
"390",2017-01-24,"1 BTC = 862.01000000€","-0.3%"
"391",2017-01-25,"1 BTC = 862.57000000€","0.06%"
"392",2017-01-26,"1 BTC = 838.05000000€","-2.93%"
"393",2017-01-27,"1 BTC = 836.72000000€","-0.16%"
"394",2017-01-28,"1 BTC = 859.85000000€","2.69%"
"395",2017-01-29,"1 BTC = 860.77000000€","0.11%"
"396",2017-01-30,"1 BTC = 861.51000000€","0.09%"
"397",2017-01-31,"1 BTC = 856.49000000€","-0.59%"
"398",2017-02-01,"1 BTC = 861.99000000€","0.64%"
"399",2017-02-02,"1 BTC = 900.53000000€","4.28%"
"400",2017-02-03,"1 BTC = 918.95000000€","2%"
"401",2017-02-04,"1 BTC = 938.11000000€","2.04%"
"402",2017-02-05,"1 BTC = 942.19000000€","0.43%"
"403",2017-02-06,"1 BTC = 959.79000000€","1.83%"
"404",2017-02-07,"1 BTC = 943.85000000€","-1.69%"
"405",2017-02-08,"1 BTC = 953.77000000€","1.04%"
"406",2017-02-09,"1 BTC = 987.91000000€","3.46%"
"407",2017-02-10,"1 BTC = 990.85000000€","0.3%"
"408",2017-02-11,"1 BTC = 921.34000000€","-7.54%"
"409",2017-02-12,"1 BTC = 940.80000000€","2.07%"
"410",2017-02-13,"1 BTC = 950.40000000€","1.01%"
"411",2017-02-14,"1 BTC = 945.91000000€","-0.47%"
"412",2017-02-15,"1 BTC = 944.51000000€","-0.15%"
"413",2017-02-16,"1 BTC = 957.38000000€","1.34%"
"414",2017-02-17,"1 BTC = 958.91000000€","0.16%"
"415",2017-02-18,"1 BTC = 979.32000000€","2.08%"
"416",2017-02-19,"1 BTC = 993.00000000€","1.38%"
"417",2017-02-20,"1 BTC = 998.12000000€","0.51%"
"418",2017-02-21,"1 BTC = 991.58000000€","-0.66%"
"419",2017-02-22,"1 BTC = 1019.55000000€","2.74%"
"420",2017-02-23,"1 BTC = 1063.66000000€","4.15%"
"421",2017-02-24,"1 BTC = 1065.55000000€","0.18%"
"422",2017-02-25,"1 BTC = 1113.34000000€","4.29%"
"423",2017-02-26,"1 BTC = 1119.65000000€","0.56%"
"424",2017-02-27,"1 BTC = 1090.37000000€","-2.69%"
"425",2017-02-28,"1 BTC = 1110.13000000€","1.78%"
"426",2017-03-01,"1 BTC = 1124.17000000€","1.25%"
"427",2017-03-02,"1 BTC = 1119.77000000€","-0.39%"
"428",2017-03-03,"1 BTC = 1156.18000000€","3.15%"
"429",2017-03-04,"1 BTC = 1193.46000000€","3.12%"
"430",2017-03-05,"1 BTC = 1210.20000000€","1.38%"
"431",2017-03-06,"1 BTC = 1189.72000000€","-1.72%"
"432",2017-03-07,"1 BTC = 1192.98000000€","0.27%"
"433",2017-03-08,"1 BTC = 1209.10000000€","1.33%"
"434",2017-03-09,"1 BTC = 1167.45000000€","-3.57%"
"435",2017-03-10,"1 BTC = 1073.95000000€","-8.71%"
"436",2017-03-11,"1 BTC = 1127.61000000€","4.76%"
"437",2017-03-12,"1 BTC = 1045.90000000€","-7.81%"
"438",2017-03-13,"1 BTC = 1105.85000000€","5.42%"
"439",2017-03-14,"1 BTC = 1148.07000000€","3.68%"
"440",2017-03-15,"1 BTC = 1157.07000000€","0.78%"
"441",2017-03-16,"1 BTC = 1166.83000000€","0.84%"
"442",2017-03-17,"1 BTC = 1169.90000000€","0.26%"
"443",2017-03-18,"1 BTC = 1078.74000000€","-8.45%"
"444",2017-03-19,"1 BTC = 994.87000000€","-8.43%"
"445",2017-03-20,"1 BTC = 883.13000000€","-12.65%"
"446",2017-03-21,"1 BTC = 944.86000000€","6.53%"
"447",2017-03-22,"1 BTC = 959.48000000€","1.52%"
"448",2017-03-23,"1 BTC = 1024.58000000€","6.35%"
"449",2017-03-24,"1 BTC = 957.05000000€","-7.06%"
"450",2017-03-25,"1 BTC = 952.73000000€","-0.45%"
"451",2017-03-26,"1 BTC = 858.40000000€","-10.99%"
"452",2017-03-27,"1 BTC = 878.53000000€","2.29%"
"453",2017-03-28,"1 BTC = 884.57000000€","0.68%"
"454",2017-03-29,"1 BTC = 953.97000000€","7.27%"
"455",2017-03-30,"1 BTC = 959.37000000€","0.56%"
"456",2017-03-31,"1 BTC = 960.89000000€","0.16%"
"457",2017-04-01,"1 BTC = 963.70000000€","0.29%"
"458",2017-04-02,"1 BTC = 1006.92000000€","4.29%"
"459",2017-04-03,"1 BTC = 1018.38000000€","1.13%"
"460",2017-04-04,"1 BTC = 1028.39000000€","0.97%"
"461",2017-04-05,"1 BTC = 1073.27000000€","4.18%"
"462",2017-04-06,"1 BTC = 1065.98000000€","-0.68%"
"463",2017-04-07,"1 BTC = 1060.21000000€","-0.54%"
"464",2017-04-08,"1 BTC = 1127.15000000€","5.94%"
"465",2017-04-09,"1 BTC = 1123.86000000€","-0.29%"
"466",2017-04-10,"1 BTC = 1113.81000000€","-0.9%"
"467",2017-04-11,"1 BTC = 1131.66000000€","1.58%"
"468",2017-04-12,"1 BTC = 1134.48000000€","0.25%"
"469",2017-04-13,"1 BTC = 1150.08000000€","1.36%"
"470",2017-04-14,"1 BTC = 1138.22000000€","-1.04%"
"471",2017-04-15,"1 BTC = 1103.49000000€","-3.15%"
"472",2017-04-16,"1 BTC = 1111.42000000€","0.71%"
"473",2017-04-17,"1 BTC = 1098.70000000€","-1.16%"
"474",2017-04-18,"1 BTC = 1109.93000000€","1.01%"
"475",2017-04-19,"1 BTC = 1116.08000000€","0.55%"
"476",2017-04-20,"1 BTC = 1121.99000000€","0.53%"
"477",2017-04-21,"1 BTC = 1127.57000000€","0.49%"
"478",2017-04-22,"1 BTC = 1152.22000000€","2.14%"
"479",2017-04-23,"1 BTC = 1158.34000000€","0.53%"
"480",2017-04-24,"1 BTC = 1150.00000000€","-0.73%"
"481",2017-04-25,"1 BTC = 1143.71000000€","-0.55%"
"482",2017-04-26,"1 BTC = 1155.50000000€","1.02%"
"483",2017-04-27,"1 BTC = 1168.51000000€","1.11%"
"484",2017-04-28,"1 BTC = 1182.07000000€","1.15%"
"485",2017-04-29,"1 BTC = 1214.77000000€","2.69%"
"486",2017-04-30,"1 BTC = 1213.03000000€","-0.14%"
"487",2017-05-01,"1 BTC = 1214.95000000€","0.16%"
"488",2017-05-02,"1 BTC = 1226.32000000€","0.93%"
"489",2017-05-03,"1 BTC = 1258.54000000€","2.56%"
"490",2017-05-04,"1 BTC = 1317.71000000€","4.49%"
"491",2017-05-05,"1 BTC = 1376.41000000€","4.26%"
"492",2017-05-06,"1 BTC = 1385.32000000€","0.64%"
"493",2017-05-07,"1 BTC = 1378.04000000€","-0.53%"
"494",2017-05-08,"1 BTC = 1407.38000000€","2.08%"
"495",2017-05-09,"1 BTC = 1418.82000000€","0.81%"
"496",2017-05-10,"1 BTC = 1513.65000000€","6.26%"
"497",2017-05-11,"1 BTC = 1572.26000000€","3.73%"
"498",2017-05-12,"1 BTC = 1634.72000000€","3.82%"
"499",2017-05-13,"1 BTC = 1690.57000000€","3.3%"
"500",2017-05-14,"1 BTC = 1557.80000000€","-8.52%"
"501",2017-05-15,"1 BTC = 1637.80000000€","4.88%"
"502",2017-05-16,"1 BTC = 1641.25000000€","0.21%"
"503",2017-05-17,"1 BTC = 1598.45000000€","-2.68%"
"504",2017-05-18,"1 BTC = 1604.20000000€","0.36%"
"505",2017-05-19,"1 BTC = 1648.68000000€","2.7%"
"506",2017-05-20,"1 BTC = 1704.02000000€","3.25%"
"507",2017-05-21,"1 BTC = 1751.84000000€","2.73%"
"508",2017-05-22,"1 BTC = 1805.73000000€","2.98%"
"509",2017-05-23,"1 BTC = 1803.60000000€","-0.12%"
"510",2017-05-24,"1 BTC = 1858.53000000€","2.96%"
"511",2017-05-25,"1 BTC = 1995.49000000€","6.86%"
"512",2017-05-26,"1 BTC = 2124.19000000€","6.06%"
"513",2017-05-27,"1 BTC = 1998.17000000€","-6.31%"
"514",2017-05-28,"1 BTC = 1986.17000000€","-0.6%"
"515",2017-05-29,"1 BTC = 1800.97000000€","-10.28%"
"516",2017-05-30,"1 BTC = 1902.86000000€","5.35%"
"517",2017-05-31,"1 BTC = 2043.19000000€","6.87%"
"518",2017-06-01,"1 BTC = 1923.75000000€","-6.21%"
"519",2017-06-02,"1 BTC = 2051.72000000€","6.24%"
"520",2017-06-03,"1 BTC = 2132.19000000€","3.77%"
"521",2017-06-04,"1 BTC = 2220.76000000€","3.99%"
"522",2017-06-05,"1 BTC = 2269.98000000€","2.17%"
"523",2017-06-06,"1 BTC = 2246.48000000€","-1.05%"
"524",2017-06-07,"1 BTC = 2392.58000000€","6.11%"
"525",2017-06-08,"1 BTC = 2553.86000000€","6.32%"
"526",2017-06-09,"1 BTC = 2411.65000000€","-5.9%"
"527",2017-06-10,"1 BTC = 2506.41000000€","3.78%"
"528",2017-06-11,"1 BTC = 2534.67000000€","1.11%"
"529",2017-06-12,"1 BTC = 2522.92000000€","-0.47%"
"530",2017-06-13,"1 BTC = 2607.78000000€","3.25%"
"531",2017-06-14,"1 BTC = 2337.44000000€","-11.57%"
"532",2017-06-15,"1 BTC = 2405.65000000€","2.84%"
"533",2017-06-16,"1 BTC = 2206.71000000€","-9.02%"
"534",2017-06-17,"1 BTC = 2166.59000000€","-1.85%"
"535",2017-06-18,"1 BTC = 2218.27000000€","2.33%"
"536",2017-06-19,"1 BTC = 2356.50000000€","5.87%"
"537",2017-06-20,"1 BTC = 2231.08000000€","-5.62%"
"538",2017-06-21,"1 BTC = 2293.28000000€","2.71%"
"539",2017-06-22,"1 BTC = 2440.94000000€","6.05%"
"540",2017-06-23,"1 BTC = 2365.30000000€","-3.2%"
"541",2017-06-24,"1 BTC = 2399.69000000€","1.43%"
"542",2017-06-25,"1 BTC = 2404.03000000€","0.18%"
"543",2017-06-26,"1 BTC = 2288.28000000€","-5.06%"
"544",2017-06-27,"1 BTC = 2224.37000000€","-2.87%"
"545",2017-06-28,"1 BTC = 2142.36000000€","-3.83%"
"546",2017-06-29,"1 BTC = 2226.80000000€","3.79%"
"547",2017-06-30,"1 BTC = 2248.93000000€","0.98%"
"548",2017-07-01,"1 BTC = 2217.44000000€","-1.42%"
"549",2017-07-02,"1 BTC = 2147.76000000€","-3.24%"
"550",2017-07-03,"1 BTC = 2109.41000000€","-1.82%"
"551",2017-07-04,"1 BTC = 2201.95000000€","4.2%"
"552",2017-07-05,"1 BTC = 2249.87000000€","2.13%"
"553",2017-07-06,"1 BTC = 2292.74000000€","1.87%"
"554",2017-07-07,"1 BTC = 2296.27000000€","0.15%"
"555",2017-07-08,"1 BTC = 2288.03000000€","-0.36%"
"556",2017-07-09,"1 BTC = 2203.83000000€","-3.82%"
"557",2017-07-10,"1 BTC = 2244.06000000€","1.79%"
"558",2017-07-11,"1 BTC = 2206.51000000€","-1.7%"
"559",2017-07-12,"1 BTC = 2052.97000000€","-7.48%"
"560",2017-07-13,"1 BTC = 2022.15000000€","-1.52%"
"561",2017-07-14,"1 BTC = 2090.75000000€","3.28%"
"562",2017-07-15,"1 BTC = 2053.46000000€","-1.82%"
"563",2017-07-16,"1 BTC = 1940.75000000€","-5.81%"
"564",2017-07-17,"1 BTC = 1725.15000000€","-12.5%"
"565",2017-07-18,"1 BTC = 1670.64000000€","-3.26%"
"566",2017-07-19,"1 BTC = 1934.48000000€","13.64%"
"567",2017-07-20,"1 BTC = 2011.31000000€","3.82%"
"568",2017-07-21,"1 BTC = 1968.05000000€","-2.2%"
"569",2017-07-22,"1 BTC = 2436.04000000€","19.21%"
"570",2017-07-23,"1 BTC = 2295.68000000€","-6.11%"
"571",2017-07-24,"1 BTC = 2424.40000000€","5.31%"
"572",2017-07-25,"1 BTC = 2363.29000000€","-2.59%"
"573",2017-07-26,"1 BTC = 2378.55000000€","0.64%"
"574",2017-07-27,"1 BTC = 2214.34000000€","-7.42%"
"575",2017-07-28,"1 BTC = 2184.32000000€","-1.37%"
"576",2017-07-29,"1 BTC = 2294.55000000€","4.8%"
"577",2017-07-30,"1 BTC = 2381.08000000€","3.63%"
"578",2017-07-31,"1 BTC = 2318.37000000€","-2.7%"
"579",2017-08-01,"1 BTC = 2369.13000000€","2.14%"
"580",2017-08-02,"1 BTC = 2467.06000000€","3.97%"
"581",2017-08-03,"1 BTC = 2328.56000000€","-5.95%"
"582",2017-08-04,"1 BTC = 2283.06000000€","-1.99%"
"583",2017-08-05,"1 BTC = 2373.92000000€","3.83%"
"584",2017-08-06,"1 BTC = 2431.35000000€","2.36%"
"585",2017-08-07,"1 BTC = 2759.23000000€","11.88%"
"586",2017-08-08,"1 BTC = 2734.11000000€","-0.92%"
"587",2017-08-09,"1 BTC = 2874.39000000€","4.88%"
"588",2017-08-10,"1 BTC = 2925.29000000€","1.74%"
"589",2017-08-11,"1 BTC = 2869.25000000€","-1.95%"
"590",2017-08-12,"1 BTC = 2916.30000000€","1.61%"
"591",2017-08-13,"1 BTC = 3110.91000000€","6.26%"
"592",2017-08-14,"1 BTC = 3289.21000000€","5.42%"
"593",2017-08-15,"1 BTC = 3458.17000000€","4.89%"
"594",2017-08-16,"1 BTC = 3681.48000000€","6.07%"
"595",2017-08-17,"1 BTC = 3546.95000000€","-3.79%"
"596",2017-08-18,"1 BTC = 3733.59000000€","5%"
"597",2017-08-19,"1 BTC = 3646.62000000€","-2.38%"
"598",2017-08-20,"1 BTC = 3530.94000000€","-3.28%"
"599",2017-08-21,"1 BTC = 3555.68000000€","0.7%"
"600",2017-08-22,"1 BTC = 3485.58000000€","-2.01%"
"601",2017-08-23,"1 BTC = 3406.71000000€","-2.32%"
"602",2017-08-24,"1 BTC = 3500.83000000€","2.69%"
"603",2017-08-25,"1 BTC = 3541.95000000€","1.16%"
"604",2017-08-26,"1 BTC = 3686.73000000€","3.93%"
"605",2017-08-27,"1 BTC = 3681.86000000€","-0.13%"
"606",2017-08-28,"1 BTC = 3663.49000000€","-0.5%"
"607",2017-08-29,"1 BTC = 3644.45000000€","-0.52%"
"608",2017-08-30,"1 BTC = 3671.02000000€","0.72%"
"609",2017-08-31,"1 BTC = 3820.26000000€","3.91%"
"610",2017-09-01,"1 BTC = 3839.76000000€","0.51%"
"611",2017-09-02,"1 BTC = 3983.95000000€","3.62%"
"612",2017-09-03,"1 BTC = 4145.42000000€","3.9%"
"613",2017-09-04,"1 BTC = 3893.78000000€","-6.46%"
"614",2017-09-05,"1 BTC = 3924.31000000€","0.78%"
"615",2017-09-06,"1 BTC = 3672.46000000€","-6.86%"
"616",2017-09-07,"1 BTC = 3780.82000000€","2.87%"
"617",2017-09-08,"1 BTC = 3912.34000000€","3.36%"
"618",2017-09-09,"1 BTC = 3883.01000000€","-0.76%"
"619",2017-09-10,"1 BTC = 3662.21000000€","-6.03%"
"620",2017-09-11,"1 BTC = 3635.77000000€","-0.73%"
"621",2017-09-12,"1 BTC = 3578.29000000€","-1.61%"
"622",2017-09-13,"1 BTC = 3544.73000000€","-0.95%"
"623",2017-09-14,"1 BTC = 3492.99000000€","-1.48%"
"624",2017-09-15,"1 BTC = 3250.09000000€","-7.47%"
"625",2017-09-16,"1 BTC = 2735.87000000€","-18.8%"
"626",2017-09-17,"1 BTC = 3157.37000000€","13.35%"
"627",2017-09-18,"1 BTC = 3125.83000000€","-1.01%"
"628",2017-09-19,"1 BTC = 3112.56000000€","-0.43%"
"629",2017-09-20,"1 BTC = 3454.42000000€","9.9%"
"630",2017-09-21,"1 BTC = 3274.26000000€","-5.5%"
"631",2017-09-22,"1 BTC = 3264.22000000€","-0.31%"
"632",2017-09-23,"1 BTC = 3045.85000000€","-7.17%"
"633",2017-09-24,"1 BTC = 3055.18000000€","0.31%"
"634",2017-09-25,"1 BTC = 3182.26000000€","3.99%"
"635",2017-09-26,"1 BTC = 3093.01000000€","-2.89%"
"636",2017-09-27,"1 BTC = 3316.26000000€","6.73%"
"637",2017-09-28,"1 BTC = 3284.23000000€","-0.98%"
"638",2017-09-29,"1 BTC = 3570.58000000€","8.02%"
"639",2017-09-30,"1 BTC = 3547.04000000€","-0.66%"
"640",2017-10-01,"1 BTC = 3517.27000000€","-0.85%"
"641",2017-10-02,"1 BTC = 3666.89000000€","4.08%"
"642",2017-10-03,"1 BTC = 3697.62000000€","0.83%"
"643",2017-10-04,"1 BTC = 3743.93000000€","1.24%"
"644",2017-10-05,"1 BTC = 3678.23000000€","-1.79%"
"645",2017-10-06,"1 BTC = 3600.86000000€","-2.15%"
"646",2017-10-07,"1 BTC = 3682.08000000€","2.21%"
"647",2017-10-08,"1 BTC = 3707.64000000€","0.69%"
"648",2017-10-09,"1 BTC = 3767.68000000€","1.59%"
"649",2017-10-10,"1 BTC = 3883.93000000€","2.99%"
"650",2017-10-11,"1 BTC = 4046.34000000€","4.01%"
"651",2017-10-12,"1 BTC = 4022.61000000€","-0.59%"
"652",2017-10-13,"1 BTC = 4061.99000000€","0.97%"
"653",2017-10-14,"1 BTC = 4546.49000000€","10.66%"
"654",2017-10-15,"1 BTC = 4746.28000000€","4.21%"
"655",2017-10-16,"1 BTC = 4884.29000000€","2.83%"
"656",2017-10-17,"1 BTC = 4780.31000000€","-2.18%"
"657",2017-10-18,"1 BTC = 4858.88000000€","1.62%"
"658",2017-10-19,"1 BTC = 4758.56000000€","-2.11%"
"659",2017-10-20,"1 BTC = 4754.53000000€","-0.08%"
"660",2017-10-21,"1 BTC = 4808.71000000€","1.13%"
"661",2017-10-22,"1 BTC = 5065.72000000€","5.07%"
"662",2017-10-23,"1 BTC = 5127.37000000€","1.2%"
"663",2017-10-24,"1 BTC = 5100.86000000€","-0.52%"
"664",2017-10-25,"1 BTC = 5006.49000000€","-1.88%"
"665",2017-10-26,"1 BTC = 4754.15000000€","-5.31%"
"666",2017-10-27,"1 BTC = 4895.13000000€","2.88%"
"667",2017-10-28,"1 BTC = 5071.09000000€","3.47%"
"668",2017-10-29,"1 BTC = 5004.47000000€","-1.33%"
"669",2017-10-30,"1 BTC = 4975.19000000€","-0.59%"
"670",2017-10-31,"1 BTC = 5275.75000000€","5.7%"
"671",2017-11-01,"1 BTC = 5288.64000000€","0.24%"
"672",2017-11-02,"1 BTC = 5540.38000000€","4.54%"
"673",2017-11-03,"1 BTC = 5870.89000000€","5.63%"
"674",2017-11-04,"1 BTC = 6077.35000000€","3.4%"
"675",2017-11-05,"1 BTC = 6248.98000000€","2.75%"
"676",2017-11-06,"1 BTC = 6384.05000000€","2.12%"
"677",2017-11-07,"1 BTC = 6415.64000000€","0.49%"
"678",2017-11-08,"1 BTC = 6048.21000000€","-6.08%"
"679",2017-11-09,"1 BTC = 6178.49000000€","2.11%"
"680",2017-11-10,"1 BTC = 6479.81000000€","4.65%"
"681",2017-11-11,"1 BTC = 6191.79000000€","-4.65%"
"682",2017-11-12,"1 BTC = 5710.94000000€","-8.42%"
"683",2017-11-13,"1 BTC = 5487.15000000€","-4.08%"
"684",2017-11-14,"1 BTC = 5079.19000000€","-8.03%"
"685",2017-11-15,"1 BTC = 5662.26000000€","10.3%"
"686",2017-11-16,"1 BTC = 5680.15000000€","0.31%"
"687",2017-11-17,"1 BTC = 6253.78000000€","9.17%"
"688",2017-11-18,"1 BTC = 6645.07000000€","5.89%"
"689",2017-11-19,"1 BTC = 6560.64000000€","-1.29%"
"690",2017-11-20,"1 BTC = 6602.55000000€","0.63%"
"691",2017-11-21,"1 BTC = 6793.29000000€","2.81%"
"692",2017-11-22,"1 BTC = 7001.29000000€","2.97%"
"693",2017-11-23,"1 BTC = 6930.79000000€","-1.02%"
"694",2017-11-24,"1 BTC = 7010.18000000€","1.13%"
"695",2017-11-25,"1 BTC = 6811.82000000€","-2.91%"
"696",2017-11-26,"1 BTC = 6909.83000000€","1.42%"
"697",2017-11-27,"1 BTC = 7273.52000000€","5%"
"698",2017-11-28,"1 BTC = 7699.62000000€","5.53%"
"699",2017-11-29,"1 BTC = 8107.03000000€","5.03%"
"700",2017-11-30,"1 BTC = 8311.49000000€","2.46%"
"701",2017-12-01,"1 BTC = 8438.79000000€","1.51%"
"702",2017-12-02,"1 BTC = 8564.24000000€","1.46%"
"703",2017-12-03,"1 BTC = 9176.17000000€","6.67%"
"704",2017-12-04,"1 BTC = 9250.96000000€","0.81%"
"705",2017-12-05,"1 BTC = 9513.85000000€","2.76%"
"706",2017-12-06,"1 BTC = 9755.30000000€","2.48%"
"707",2017-12-07,"1 BTC = 9942.29000000€","1.88%"
"708",2017-12-08,"1 BTC = 11795.53000000€","15.71%"
"709",2017-12-09,"1 BTC = 15046.27000000€","21.6%"
"710",2017-12-10,"1 BTC = 13503.35000000€","-11.43%"
"711",2017-12-11,"1 BTC = 12697.71000000€","-6.34%"
"712",2017-12-12,"1 BTC = 12669.29000000€","-0.22%"
"713",2017-12-13,"1 BTC = 13863.96000000€","8.62%"
"714",2017-12-14,"1 BTC = 14196.48000000€","2.34%"
"715",2017-12-15,"1 BTC = 13651.18000000€","-3.99%"
"716",2017-12-16,"1 BTC = 13832.48000000€","1.31%"
"717",2017-12-17,"1 BTC = 14879.76000000€","7.04%"
"718",2017-12-18,"1 BTC = 16376.30000000€","9.14%"
"719",2017-12-19,"1 BTC = 15992.81000000€","-2.4%"
"720",2017-12-20,"1 BTC = 15992.44000000€","0%"
"721",2017-12-21,"1 BTC = 14992.29000000€","-6.67%"
"722",2017-12-22,"1 BTC = 13961.36000000€","-7.38%"
"723",2017-12-23,"1 BTC = 13009.24000000€","-7.32%"
"724",2017-12-24,"1 BTC = 11867.06000000€","-9.62%"
"725",2017-12-25,"1 BTC = 12503.76000000€","5.09%"
"726",2017-12-26,"1 BTC = 11887.31000000€","-5.19%"
"727",2017-12-27,"1 BTC = 11733.82000000€","-1.31%"
"728",2017-12-28,"1 BTC = 13259.28000000€","11.5%"
"729",2017-12-29,"1 BTC = 13087.45000000€","-1.31%"
"730",2017-12-30,"1 BTC = 12264.02000000€","-6.71%"
"731",2017-12-31,"1 BTC = 12247.68000000€","-0.13%"
"732",2018-01-01,"1 BTC = 10654.40000000€","-14.95%"
"733",2018-01-02,"1 BTC = 11850.31000000€","10.09%"
"734",2018-01-03,"1 BTC = 11391.39000000€","-4.03%"
"735",2018-01-04,"1 BTC = 12319.79000000€","7.54%"
"736",2018-01-05,"1 BTC = 12786.04000000€","3.65%"
"737",2018-01-06,"1 BTC = 12725.41000000€","-0.48%"
"738",2018-01-07,"1 BTC = 14183.30000000€","10.28%"
"739",2018-01-08,"1 BTC = 14338.58000000€","1.08%"
"740",2018-01-09,"1 BTC = 13490.26000000€","-6.29%"
"741",2018-01-10,"1 BTC = 12618.13000000€","-6.91%"
"742",2018-01-11,"1 BTC = 12125.31000000€","-4.06%"
"743",2018-01-12,"1 BTC = 12427.96000000€","2.44%"
"744",2018-01-13,"1 BTC = 11144.19000000€","-11.52%"
"745",2018-01-14,"1 BTC = 11497.98000000€","3.08%"
"746",2018-01-15,"1 BTC = 11797.41000000€","2.54%"
"747",2018-01-16,"1 BTC = 11300.22000000€","-4.4%"
"748",2018-01-17,"1 BTC = 11192.51000000€","-0.96%"
"749",2018-01-18,"1 BTC = 9306.21000000€","-20.27%"
"750",2018-01-19,"1 BTC = 9206.16000000€","-1.09%"
"751",2018-01-20,"1 BTC = 9325.40000000€","1.28%"
"752",2018-01-21,"1 BTC = 9555.89000000€","2.41%"
"753",2018-01-22,"1 BTC = 10538.09000000€","9.32%"
"754",2018-01-23,"1 BTC = 9522.45000000€","-10.67%"
"755",2018-01-24,"1 BTC = 8869.76000000€","-7.36%"
"756",2018-01-25,"1 BTC = 8838.04000000€","-0.36%"
"757",2018-01-26,"1 BTC = 9231.54000000€","4.26%"
"758",2018-01-27,"1 BTC = 8976.46000000€","-2.84%"
"759",2018-01-28,"1 BTC = 9190.63000000€","2.33%"
"760",2018-01-29,"1 BTC = 9401.97000000€","2.25%"
"761",2018-01-30,"1 BTC = 9030.15000000€","-4.12%"
"762",2018-01-31,"1 BTC = 8097.68000000€","-11.52%"
"763",2018-02-01,"1 BTC = 8153.29000000€","0.68%"
"764",2018-02-02,"1 BTC = 7179.62000000€","-13.56%"
"765",2018-02-03,"1 BTC = 7097.12000000€","-1.16%"
"766",2018-02-04,"1 BTC = 7424.29000000€","4.41%"
"767",2018-02-05,"1 BTC = 6544.21000000€","-13.45%"
"768",2018-02-06,"1 BTC = 5824.67000000€","-12.35%"
"769",2018-02-07,"1 BTC = 5759.53000000€","-1.13%"
"770",2018-02-08,"1 BTC = 6722.05000000€","14.32%"
"771",2018-02-09,"1 BTC = 6755.16000000€","0.49%"
"772",2018-02-10,"1 BTC = 7072.46000000€","4.49%"
"773",2018-02-11,"1 BTC = 6850.15000000€","-3.25%"
"774",2018-02-12,"1 BTC = 6603.70000000€","-3.73%"
"775",2018-02-13,"1 BTC = 7108.61000000€","7.1%"
"776",2018-02-14,"1 BTC = 7286.13000000€","2.44%"
"777",2018-02-15,"1 BTC = 7570.40000000€","3.76%"
"778",2018-02-16,"1 BTC = 8139.95000000€","7%"
"779",2018-02-17,"1 BTC = 8246.05000000€","1.29%"
"780",2018-02-18,"1 BTC = 8680.27000000€","5%"
"781",2018-02-19,"1 BTC = 8628.54000000€","-0.6%"
"782",2018-02-20,"1 BTC = 9010.46000000€","4.24%"
"783",2018-02-21,"1 BTC = 9380.20000000€","3.94%"
"784",2018-02-22,"1 BTC = 9208.32000000€","-1.87%"
"785",2018-02-23,"1 BTC = 8499.69000000€","-8.34%"
"786",2018-02-24,"1 BTC = 8267.72000000€","-2.81%"
"787",2018-02-25,"1 BTC = 7870.50000000€","-5.05%"
"788",2018-02-26,"1 BTC = 7926.90000000€","0.71%"
"789",2018-02-27,"1 BTC = 8414.86000000€","5.8%"
"790",2018-02-28,"1 BTC = 8680.73000000€","3.06%"
"791",2018-03-01,"1 BTC = 8590.41000000€","-1.05%"
"792",2018-03-02,"1 BTC = 8828.13000000€","2.69%"
"793",2018-03-03,"1 BTC = 8785.39000000€","-0.49%"
"794",2018-03-04,"1 BTC = 9233.41000000€","4.85%"
"795",2018-03-05,"1 BTC = 9271.28000000€","0.41%"
"796",2018-03-06,"1 BTC = 9348.23000000€","0.82%"
"797",2018-03-07,"1 BTC = 9367.16000000€","0.2%"
"798",2018-03-08,"1 BTC = 7876.00000000€","-18.93%"
"799",2018-03-09,"1 BTC = 8048.12000000€","2.14%"
"800",2018-03-10,"1 BTC = 7407.65000000€","-8.65%"
"801",2018-03-11,"1 BTC = 7143.93000000€","-3.69%"
"802",2018-03-12,"1 BTC = 7746.76000000€","7.78%"
"803",2018-03-13,"1 BTC = 7503.78000000€","-3.24%"
"804",2018-03-14,"1 BTC = 7428.85000000€","-1.01%"
"805",2018-03-15,"1 BTC = 6748.12000000€","-10.09%"
"806",2018-03-16,"1 BTC = 6703.71000000€","-0.66%"
"807",2018-03-17,"1 BTC = 6632.60000000€","-1.07%"
"808",2018-03-18,"1 BTC = 6405.55000000€","-3.54%"
"809",2018-03-19,"1 BTC = 6274.17000000€","-2.09%"
"810",2018-03-20,"1 BTC = 6956.04000000€","9.8%"
"811",2018-03-21,"1 BTC = 7284.42000000€","4.51%"
"812",2018-03-22,"1 BTC = 7212.82000000€","-0.99%"
"813",2018-03-23,"1 BTC = 7123.52000000€","-1.25%"
"814",2018-03-24,"1 BTC = 7066.70000000€","-0.8%"
"815",2018-03-25,"1 BTC = 6991.23000000€","-1.08%"
"816",2018-03-26,"1 BTC = 6866.70000000€","-1.81%"
"817",2018-03-27,"1 BTC = 6824.98000000€","-0.61%"
"818",2018-03-28,"1 BTC = 6525.49000000€","-4.59%"
"819",2018-03-29,"1 BTC = 6482.10000000€","-0.67%"
"820",2018-03-30,"1 BTC = 5746.79000000€","-12.8%"
"821",2018-03-31,"1 BTC = 5540.98000000€","-3.71%"
"822",2018-04-01,"1 BTC = 5611.24000000€","1.25%"
